City_ID,City,Country,Lat,Lng,Max Temp,Humidity,Cloudiness,Wind Speed,Current Description
0,Vaini,TO,-21.2,-175.2,75.36,83,20,5.75,few clouds
1,Hilo,US,19.7297,-155.09,79.25,74,40,6.91,scattered clouds
2,Tiksi,RU,71.6872,128.8694,11.77,93,100,5.95,overcast clouds
3,Chuy,UY,-33.6971,-53.4616,62.65,63,81,10.87,broken clouds
4,Ushuaia,AR,-54.8,-68.3,51.42,43,75,17.27,broken clouds
5,Bengkulu,ID,-3.8004,102.2655,74.73,90,100,5.32,light rain
6,Lebu,CL,-37.6167,-73.65,56.86,78,48,8.81,scattered clouds
7,Butaritari,KI,3.0707,172.7902,81.36,74,44,9.33,scattered clouds
8,Mahebourg,MU,-20.4081,57.7,75.49,73,75,6.91,light rain
9,Bintulu,MY,3.1667,113.0333,75.61,94,20,1.99,few clouds
10,Ponta Do Sol,PT,32.6667,-17.1,76.01,79,100,6.26,overcast clouds
11,Tuktoyaktuk,CA,69.4541,-133.0374,23.0,100,75,6.91,broken clouds
12,Kudahuvadhoo,MV,2.6708,72.8944,82.72,69,78,13.09,broken clouds
13,Arraial Do Cabo,BR,-22.9661,-42.0278,64.36,94,90,5.75,light intensity drizzle
14,Henties Bay,NA,-22.116,14.2845,61.86,93,15,3.6,few clouds
15,Lashio,MM,22.9333,97.75,65.88,100,88,0.85,overcast clouds
16,Punta Arenas,CL,-53.15,-70.9167,53.71,35,20,32.21,few clouds
17,Yellowknife,CA,62.456,-114.3525,43.41,75,75,16.11,broken clouds
18,Nantucket,US,41.2835,-70.0995,70.14,61,1,12.66,clear sky
19,Ribeira Grande,PT,38.5167,-28.7,68.4,73,20,3.44,few clouds
20,Moussoro,TD,13.6408,16.4901,86.85,40,100,17.72,overcast clouds
21,Erdaojiang,CN,41.7764,126.0319,32.54,64,49,1.81,scattered clouds
22,Verkhnedneprovskiy,RU,54.9813,33.3457,46.15,91,100,18.03,light rain
23,Borovskoy,KZ,53.8,64.15,43.66,82,100,6.42,overcast clouds
24,Tasiilaq,GL,65.6145,-37.6368,29.61,56,85,10.49,overcast clouds
25,Olga,RU,43.7444,135.2892,28.47,69,10,6.35,clear sky
26,Bluff,NZ,-46.6,168.3333,47.59,58,100,3.15,overcast clouds
27,Port Alfred,ZA,-33.5906,26.891,63.88,86,7,17.49,clear sky
28,Ortakoy,TR,38.7373,34.0387,39.45,55,0,5.14,clear sky
29,Rikitea,PF,-23.1203,-134.9692,74.25,75,6,19.57,clear sky
30,Qaanaaq,GL,77.484,-69.3632,14.05,87,56,5.44,broken clouds
31,Jamestown,US,42.097,-79.2353,69.12,49,1,8.99,clear sky
32,Hithadhoo,MV,-0.6,73.0833,81.05,77,100,11.39,overcast clouds
33,Kandrian,PG,-6.2167,149.55,75.76,88,92,2.17,light rain
34,Saint-Alexandre,FR,44.2278,4.6214,65.1,75,97,11.34,overcast clouds
35,Pevek,RU,69.7008,170.3133,18.36,93,100,14.05,overcast clouds
36,Victoria,HK,22.2855,114.1577,80.33,86,88,1.01,overcast clouds
37,Kamaishi,JP,39.2667,141.8833,49.35,78,6,9.69,clear sky
38,Cape Town,ZA,-33.9258,18.4232,66.88,70,0,1.99,clear sky
39,Mar Del Plata,AR,-38.0023,-57.5575,64.42,1,20,15.01,few clouds
40,Medzilaborce,SK,49.2719,21.9007,51.82,63,93,15.43,overcast clouds
41,Upernavik,GL,72.7868,-56.1549,33.13,99,100,12.5,light snow
42,Ukiah,US,39.1502,-123.2078,60.15,87,90,10.36,overcast clouds
43,Tikapur,NP,28.5,81.1333,70.77,93,5,2.57,clear sky
44,Rabaul,PG,-4.1967,152.1721,79.97,78,68,1.97,broken clouds
45,Ryotsu,JP,38.0833,138.4333,52.79,65,100,14.03,overcast clouds
46,Avarua,CK,-21.2078,-159.775,77.05,65,20,6.91,few clouds
47,Audru,EE,58.4086,24.3739,51.96,94,100,21.45,light rain
48,Nemuro,JP,43.3236,145.575,49.01,78,100,20.15,overcast clouds
49,Thinadhoo,MV,0.5333,72.9333,82.0,75,52,12.44,broken clouds
50,Bilma,NE,18.6853,12.9164,86.88,13,0,10.51,clear sky
51,Mataura,NZ,-46.1927,168.8643,44.31,73,100,1.34,overcast clouds
52,Wajima,JP,37.4,136.9,54.59,65,93,14.09,overcast clouds
53,Lake Havasu City,US,34.4839,-114.3224,79.11,22,1,1.01,clear sky
54,Torbay,CA,47.6666,-52.7314,49.75,95,90,11.5,light rain
55,Omsukchan,RU,62.5333,155.8,-12.05,97,35,4.36,scattered clouds
56,Sergeyevka,KZ,53.88,67.4158,48.47,79,100,15.52,overcast clouds
57,Saint George,US,37.1041,-113.5841,70.63,31,1,3.0,clear sky
58,Khatanga,RU,71.9667,102.5,22.37,97,100,4.27,light snow
59,Busselton,AU,-33.65,115.3333,53.1,80,98,14.25,overcast clouds
60,Dikson,RU,73.5069,80.5464,27.19,63,74,8.25,broken clouds
61,Laguna,US,38.421,-121.4238,70.09,59,90,1.99,overcast clouds
62,Ust-Nera,RU,64.5667,143.2,4.48,95,100,2.26,overcast clouds
63,Nikolskoye,RU,59.7035,30.7861,46.87,94,100,14.63,light rain
64,Zambezi,ZM,-13.5432,23.1047,68.05,81,91,2.44,overcast clouds
65,Talnakh,RU,69.4865,88.3972,31.71,92,100,16.96,light snow
66,Kamiichi,JP,36.7,137.3667,49.78,86,90,2.91,overcast clouds
67,New Norfolk,AU,-42.7826,147.0587,48.7,76,78,3.04,broken clouds
68,Aksu,CN,41.1231,80.2644,52.59,27,34,1.66,scattered clouds
69,Albany,US,42.6001,-73.9662,72.59,48,50,3.0,scattered clouds
70,Provideniya,RU,64.3833,-173.3,24.91,86,0,0.0,clear sky
71,Port Lincoln,AU,-34.7333,135.8667,58.15,92,100,10.02,overcast clouds
72,Ancud,CL,-41.8697,-73.8203,61.43,86,100,10.04,overcast clouds
73,Cherskiy,RU,68.75,161.3,-6.45,100,100,5.35,overcast clouds
74,Kruisfontein,ZA,-34.0033,24.7314,59.88,88,13,5.12,few clouds
75,Srednekolymsk,RU,67.45,153.6833,-10.41,98,80,2.51,broken clouds
76,Atuona,PF,-9.8,-139.0333,76.95,81,26,12.5,light rain
77,Stabat,ID,3.761,98.4513,75.4,99,100,3.44,moderate rain
78,Hobart,AU,-42.8794,147.3294,49.05,85,75,4.0,broken clouds
79,Kailua,US,21.4022,-157.7394,80.74,62,1,9.22,clear sky
80,Dahanu,IN,19.9667,72.7333,76.32,75,7,4.27,clear sky
81,Vilcun,CL,-38.65,-72.2333,56.14,52,20,6.38,few clouds
82,Vanderhoof,CA,54.0166,-124.0198,43.3,71,100,2.3,overcast clouds
83,Sorland,NO,67.667,12.6934,32.07,98,100,25.01,light snow
84,Lagoa,PT,39.05,-27.9833,68.77,60,49,1.61,scattered clouds
85,Luderitz,NA,-26.6481,15.1594,58.78,78,47,9.8,scattered clouds
86,Margate,GB,51.3813,1.3862,56.91,84,100,6.35,moderate rain
87,Vardo,NO,70.3705,31.1107,31.98,74,75,19.57,light shower snow
88,Narsaq,GL,60.9167,-46.05,32.65,37,0,4.07,clear sky
89,Sao Filipe,CV,14.8961,-24.4956,82.2,62,0,8.05,clear sky
90,Saint-Philippe,RE,-21.3585,55.7679,72.95,78,40,11.1,scattered clouds
91,Klaksvik,FO,62.2266,-6.589,43.72,67,69,37.56,broken clouds
92,Ishigaki,JP,24.3448,124.1572,79.63,76,100,10.71,overcast clouds
93,Indiaroba,BR,-11.5192,-37.5117,79.45,76,95,7.58,overcast clouds
94,Meulaboh,ID,4.1363,96.1285,75.38,90,100,5.55,light rain
95,Hobyo,SO,5.3505,48.5268,78.26,83,83,17.65,broken clouds
96,San Quintin,MX,30.4833,-115.95,68.79,60,0,12.46,clear sky
97,Houston,US,29.7633,-95.3633,88.34,64,40,3.0,scattered clouds
98,Pitimbu,BR,-7.4706,-34.8086,84.79,75,8,11.88,clear sky
99,Dicabisagan,PH,17.0818,122.4157,76.59,88,49,2.55,scattered clouds
100,Saldanha,ZA,-33.0117,17.9442,60.85,84,77,18.61,broken clouds
101,East London,ZA,-33.0153,27.9116,64.69,83,10,16.2,clear sky
102,Padang,ID,-0.9492,100.3543,75.25,91,100,4.9,overcast clouds
103,Kawalu,ID,-7.3817,108.2082,71.69,93,82,1.34,broken clouds
104,Airai,TL,-8.9266,125.4092,61.56,81,100,1.21,overcast clouds
105,Bar Harbor,US,44.3876,-68.2039,58.26,59,1,8.99,clear sky
106,Tual,ID,-5.6667,132.75,82.44,76,90,3.44,overcast clouds
107,Saint-Georges,GD,12.0564,-61.7485,85.68,79,40,17.27,scattered clouds
108,Taoudenni,ML,22.6783,-3.9836,79.3,21,1,10.6,clear sky
109,Sanok,PL,49.5557,22.2056,56.16,100,98,25.97,overcast clouds
110,Castro,BR,-24.7911,-50.0119,59.68,76,96,7.56,overcast clouds
111,Brainerd,US,46.358,-94.2008,48.22,81,90,17.27,overcast clouds
112,Tigil,RU,57.8,158.6667,14.7,83,47,6.46,scattered clouds
113,Ngunguru,NZ,-35.6167,174.5,60.17,96,100,17.18,light rain
114,Hambantota,LK,6.1241,81.1185,78.98,83,99,9.19,overcast clouds
115,Nuuk,GL,64.1835,-51.7216,32.88,69,2,11.99,clear sky
116,Sao Joao Da Barra,BR,-21.6403,-41.0511,64.49,91,100,11.18,overcast clouds
117,Aguimes,ES,27.9054,-15.4461,70.66,79,20,19.57,few clouds
118,Peniche,PT,39.3558,-9.3811,67.62,92,6,8.21,clear sky
119,Bredasdorp,ZA,-34.5322,20.0403,62.28,96,67,8.93,broken clouds
120,Jalalabad,AF,34.4265,70.4515,73.26,28,0,0.85,clear sky
121,Kristiinankaupunki,FI,62.2743,21.376,48.81,92,100,10.98,overcast clouds
122,Bourail,NC,-21.5667,165.4833,67.59,95,100,5.28,light rain
123,Rayadrug,IN,14.7,76.8667,78.42,59,100,7.65,overcast clouds
124,Arroyo,ES,41.6096,-4.7969,63.14,72,20,13.8,few clouds
125,Peleduy,RU,59.6289,112.7406,35.38,98,100,8.52,light rain
126,Hurghada,EG,27.2574,33.8129,77.04,38,0,14.97,clear sky
127,Monte Patria,CL,-30.6919,-70.9467,75.34,31,0,9.93,clear sky
128,Tautira,PF,-17.7333,-149.15,84.22,80,99,12.19,light rain
129,Sovetskiy,RU,61.3614,63.5842,30.22,85,100,4.56,overcast clouds
130,Barrow,US,71.2906,-156.7887,28.42,86,90,26.46,mist
131,Saskylakh,RU,71.9167,114.0833,3.54,100,98,5.26,overcast clouds
132,Port Macquarie,AU,-31.4333,152.9167,55.89,90,92,2.93,overcast clouds
133,Karratha,AU,-20.7377,116.8463,71.29,37,1,10.33,clear sky
134,Mehamn,NO,71.0357,27.8492,30.38,69,0,11.5,clear sky
135,Vestmannaeyjar,IS,63.4427,-20.2734,36.99,62,100,18.23,overcast clouds
136,Kapaa,US,22.0752,-159.319,79.2,74,20,1.99,few clouds
137,Talcahuano,CL,-36.7167,-73.1167,56.88,82,90,10.36,overcast clouds
138,Port Keats,AU,-14.25,129.55,82.92,74,80,6.22,broken clouds
139,Hermanus,ZA,-34.4187,19.2345,68.9,87,65,11.39,broken clouds
140,Westport,US,41.1415,-73.3579,79.09,49,37,1.01,scattered clouds
141,Sechura,PE,-5.5569,-80.8222,77.22,59,33,15.1,scattered clouds
142,Casablanca,MA,33.5928,-7.6192,71.94,94,75,4.0,broken clouds
143,Ust-Tsilma,RU,65.441,52.1498,29.46,92,90,4.79,overcast clouds
144,Constitucion,CL,-35.3333,-72.4167,58.62,70,21,6.4,few clouds
145,Aden,YE,12.7794,45.0367,85.12,60,57,8.52,broken clouds
146,Sri Aman,MY,1.2376,111.4621,77.09,94,97,0.0,light rain
147,Sur,OM,22.5667,59.5289,79.43,72,51,14.54,broken clouds
148,Leticia,CO,-4.2153,-69.9406,84.18,89,75,14.97,broken clouds
149,Sturgis,US,41.7992,-85.4192,73.72,30,1,10.36,clear sky
150,Tooele,US,40.5308,-112.2983,61.57,67,1,9.22,clear sky
151,Kaitangata,NZ,-46.2817,169.8464,45.7,71,100,4.34,overcast clouds
152,Vila Velha,BR,-20.3297,-40.2925,66.15,88,75,13.8,mist
153,Yantzaza,EC,-3.8278,-78.7594,81.41,56,53,2.19,broken clouds
154,Noratus,AM,40.3755,45.1772,39.96,82,65,6.24,broken clouds
155,Faanui,PF,-16.4833,-151.75,79.02,79,18,9.42,light rain
156,Puerto Ayora,EC,-0.7393,-90.3518,78.76,81,100,10.92,overcast clouds
157,Khash,IR,28.2211,61.2158,67.51,34,0,5.06,clear sky
158,Zhigansk,RU,66.7697,123.3711,16.03,94,75,6.06,broken clouds
159,Wagar,SD,16.1525,36.2032,85.71,41,6,16.2,clear sky
160,Anadyr,RU,64.75,177.4833,21.7,93,90,13.42,overcast clouds
161,Parys,FR,48.8534,2.3488,65.17,80,75,5.01,broken clouds
162,Zelenoborsk,RU,61.4669,64.0333,30.4,87,100,4.12,overcast clouds
163,Laurentides,CA,46.4334,-74.9826,58.71,67,100,4.34,overcast clouds
164,Georgetown,MY,5.4112,100.3354,76.95,95,40,0.0,scattered clouds
165,Ginir,ET,7.1333,40.7,57.69,57,96,5.19,overcast clouds
166,Isangel,VU,-19.55,169.2667,77.11,83,100,6.91,overcast clouds
167,Kahului,US,20.8947,-156.47,80.62,65,20,11.5,few clouds
168,Kemin,KG,42.7846,75.6892,55.85,46,100,1.61,overcast clouds
169,Carnarvon,AU,-24.8667,113.6333,66.27,68,90,11.5,overcast clouds
170,Caxito,AO,-8.5785,13.6643,77.65,80,100,5.73,overcast clouds
171,Oranjemund,NA,-28.55,16.4333,63.1,70,99,3.51,overcast clouds
172,Itarema,BR,-2.9248,-39.9167,82.58,70,100,12.64,overcast clouds
173,Huilong,CN,31.8111,121.655,54.03,86,100,12.3,overcast clouds
174,Zverinogolovskoye,RU,54.4586,64.8542,46.58,68,100,5.84,light rain
175,Salalah,OM,17.0151,54.0924,76.71,80,77,4.9,broken clouds
176,Turan,VN,16.0678,108.2208,78.78,89,40,3.44,scattered clouds
177,Pervomayskoye,RU,43.919,46.7102,43.39,44,1,6.91,clear sky
178,Souillac,MU,-20.5167,57.5167,75.58,73,75,6.91,light rain
179,Jales,BR,-20.2689,-50.5458,78.58,49,6,10.07,clear sky
180,Kununurra,AU,-15.7667,128.7333,80.58,69,90,0.0,overcast clouds
181,Richards Bay,ZA,-28.783,32.0377,64.04,73,0,9.89,clear sky
182,Geraldton,AU,-28.7667,114.6,63.01,88,75,9.22,broken clouds
183,North Bend,US,43.4065,-124.2243,62.24,85,75,9.22,broken clouds
184,Lorengau,PG,-2.0226,147.2712,81.0,78,82,6.26,broken clouds
185,Sept-Iles,CA,50.2001,-66.3821,51.06,77,75,1.99,broken clouds
186,Mishkino,RU,55.3389,63.9175,36.27,95,100,12.77,overcast clouds
187,Zheleznodorozhnyy,RU,55.7503,38.0042,37.22,94,100,16.2,moderate rain
188,San Juan De Uraba,CO,8.7592,-76.5297,83.53,74,100,9.42,overcast clouds
189,Codrington,AU,-38.2667,141.9667,64.02,41,100,13.73,overcast clouds
190,Katsuura,JP,35.1333,140.3,58.19,58,100,10.63,light rain
191,Fortuna,US,40.5982,-124.1573,62.98,69,75,8.01,broken clouds
192,Rawah,IQ,34.4816,41.9093,70.05,31,0,7.7,clear sky
193,Novyy Rogachik,RU,48.6768,44.0608,31.1,69,38,6.82,scattered clouds
194,Sal Rei,CV,16.1833,-22.9167,81.16,78,0,13.8,clear sky
195,Gaoual,GN,11.75,-13.2,82.11,69,100,2.24,overcast clouds
196,Ekhabi,RU,53.5102,142.9671,24.96,87,28,9.66,scattered clouds
197,Altstatten,CH,47.3777,9.5475,60.04,60,14,8.63,few clouds
198,Esperance,AU,-33.8667,121.9,57.04,87,19,15.3,few clouds
199,Akureyri,IS,65.6835,-18.0878,22.93,80,0,4.61,clear sky
200,Lompoc,US,34.6391,-120.4579,76.78,47,1,4.61,clear sky
201,Manbij,SY,36.5281,37.9549,56.17,29,0,9.64,clear sky
202,Moose Factory,CA,51.2585,-80.6094,42.8,60,75,9.22,broken clouds
203,Basco,PH,20.4487,121.9702,80.74,74,21,7.49,few clouds
204,Havoysund,NO,70.9963,24.6622,30.43,65,100,26.35,overcast clouds
205,Hong Gai,VN,20.956,107.0946,78.71,91,96,3.42,overcast clouds
206,Vredendal,ZA,-31.6683,18.5012,68.05,51,92,5.08,overcast clouds
207,Do Gonbadan,IR,30.3586,50.7981,69.89,26,0,4.61,clear sky
208,Mount Gambier,AU,-37.8333,140.7667,58.91,58,75,10.36,broken clouds
209,Coihaique,CL,-45.5752,-72.0662,61.41,63,75,10.36,light intensity shower rain
210,Kichera,RU,55.9375,110.0997,30.16,86,94,2.3,overcast clouds
211,Langsa,ID,4.4683,97.9683,73.35,98,100,3.11,moderate rain
212,Sanand,IN,22.9833,72.3833,73.62,46,1,3.83,clear sky
213,Norman Wells,CA,65.282,-126.8329,35.64,60,75,11.5,broken clouds
214,Bambous Virieux,MU,-20.3428,57.7575,75.45,73,75,6.91,light rain
215,Mandalgovi,MN,45.7625,106.2708,28.89,56,0,5.21,clear sky
216,Kungurtug,RU,50.5994,97.5228,24.15,72,58,3.09,broken clouds
217,Stephenville,US,32.2207,-98.2023,84.54,60,75,3.44,broken clouds
218,Tucupita,VE,9.0622,-62.051,88.5,54,67,6.58,broken clouds
219,Vanimo,PG,-2.6741,141.3028,76.12,92,100,2.24,overcast clouds
220,Tabou,CI,4.423,-7.3528,77.68,89,59,8.93,light rain
221,Hualmay,PE,-11.0964,-77.6139,69.58,72,44,11.32,scattered clouds
222,Nelipyno,UA,48.561,23.0315,50.5,81,98,4.23,overcast clouds
223,San Cristobal,VE,7.7669,-72.225,78.98,43,11,2.71,few clouds
224,Opuwo,NA,-18.0607,13.84,71.06,38,1,8.61,clear sky
225,Chokurdakh,RU,70.6333,147.9167,-15.66,95,97,2.84,overcast clouds
226,Cumberland,US,35.0502,-78.8664,83.48,36,1,1.99,clear sky
227,Ostrovnoy,RU,68.0531,39.5131,31.08,74,100,13.89,overcast clouds
228,Balakhta,RU,55.38,91.6,37.18,75,85,2.86,overcast clouds
229,Kuznechnoye,RU,61.12,29.8686,43.45,97,100,10.09,moderate rain
230,Flinders,AU,-34.5833,150.8552,59.38,92,43,1.01,scattered clouds
231,Myitkyina,MM,25.3833,97.4,73.24,100,100,0.89,overcast clouds
232,Chicama,PE,-7.8447,-79.1469,61.34,62,61,10.58,broken clouds
233,Launceston,AU,-41.45,147.1667,52.81,91,40,1.01,scattered clouds
234,Turukhansk,RU,65.8167,87.9833,35.22,98,100,8.05,moderate rain
235,Morshansk,RU,53.4435,41.8107,36.45,60,93,11.48,overcast clouds
236,Tiarei,PF,-17.5333,-149.3333,84.22,79,85,8.43,light rain
237,Petropavl,KZ,54.8753,69.1628,47.8,46,100,12.91,overcast clouds
238,Misrikh,IN,27.45,80.5167,71.37,73,8,3.11,clear sky
239,Havre-Saint-Pierre,CA,50.2334,-63.5986,50.59,87,90,9.22,overcast clouds
240,Severo-Kurilsk,RU,50.6789,156.125,34.97,67,90,25.39,overcast clouds
241,Dingli,MT,35.8614,14.3822,64.81,88,0,2.3,clear sky
242,Branford,US,41.2795,-72.8151,77.9,52,5,1.01,clear sky
243,Fauske,NO,67.2588,15.3918,33.84,86,100,9.19,light snow
244,Parsons,US,37.3403,-95.2611,73.11,40,26,11.65,scattered clouds
245,Bilibino,RU,68.0546,166.4372,0.21,98,100,2.53,overcast clouds
246,Hervey Bay,AU,-25.2986,152.8535,64.04,76,5,8.57,clear sky
247,Nanortalik,GL,60.1432,-45.2371,37.44,75,1,1.48,clear sky
248,Pudozh,RU,61.8099,36.5345,32.05,96,100,14.36,snow
249,Duma,CN,34.7653,108.135,35.62,89,59,5.84,broken clouds
250,Okhotsk,RU,59.3833,143.3,11.53,70,94,8.97,overcast clouds
251,Springdale,US,36.1867,-94.1288,73.13,77,90,13.0,overcast clouds
252,Jatibonico,CU,21.9419,-79.17,82.65,75,100,11.34,overcast clouds
253,Avera,US,33.194,-82.5271,78.94,30,61,4.5,broken clouds
254,Aconibe,GQ,1.2968,10.9369,67.96,99,100,2.17,light rain
255,Malakal,SS,9.5334,31.6605,74.79,80,76,3.24,broken clouds
256,Kochi,IN,9.9399,76.2602,75.18,94,100,6.62,light rain
257,San Jose De Buan,PH,12.0529,125.0251,73.13,99,63,1.77,broken clouds
258,Bethel,US,41.3712,-73.414,76.69,54,77,3.0,broken clouds
259,Komsomolskiy,UZ,40.4272,71.7189,60.22,41,100,4.61,overcast clouds
260,Kanker,IN,20.2719,81.4931,70.11,82,48,2.57,scattered clouds
261,Shubarkuduk,KZ,49.1447,56.4872,36.28,84,95,15.75,overcast clouds
262,Odessa,UA,46.4775,30.7326,53.53,87,0,11.18,clear sky
263,Surt,LY,31.2089,16.5887,72.55,71,60,14.81,broken clouds
264,Nome,US,64.5011,-165.4064,33.17,96,100,12.8,snow
265,Abu Samrah,SY,35.3029,37.1841,65.19,61,0,5.37,clear sky
266,Cabo San Lucas,MX,22.8909,-109.9124,90.61,69,15,8.99,few clouds
267,Salinas,US,36.6777,-121.6555,70.02,50,90,3.44,overcast clouds
268,Andenes,NO,69.3143,16.1194,31.06,80,75,32.21,light shower snow
269,Harlingen,US,26.1906,-97.6961,92.34,54,2,10.07,clear sky
270,Butterworth,MY,5.3991,100.3638,77.05,95,40,0.0,scattered clouds
271,Kangaatsiaq,GL,68.3065,-53.4641,32.43,75,100,12.17,overcast clouds
272,Namatanai,PG,-3.6667,152.4333,79.83,81,99,3.49,light rain
273,Longyearbyen,SJ,78.2186,15.6401,12.04,67,0,12.66,clear sky
274,Aklavik,CA,68.2191,-135.0107,23.72,81,100,9.01,overcast clouds
275,Ilembo,TZ,-9.25,33.3833,59.83,64,90,8.01,overcast clouds
276,Lavrentiya,RU,65.5833,-171.0,28.94,95,98,6.22,overcast clouds
277,Shelburne,CA,44.0787,-80.2041,63.82,70,50,14.09,scattered clouds
278,Acheng,CN,45.5454,126.977,22.93,62,9,1.3,clear sky
279,Lavumisa,SZ,-27.31,31.892,69.12,72,0,3.31,clear sky
280,Buala,SB,-8.145,159.5921,80.65,80,97,3.42,light rain
281,Korcula,HR,42.9622,17.1369,57.76,69,9,11.01,clear sky
282,Ilulissat,GL,69.2167,-51.1,26.89,81,100,3.62,overcast clouds
283,Pryazha,RU,61.6926,33.6216,33.03,93,100,12.33,snow
284,Moron,AR,-34.6534,-58.6198,80.06,48,17,4.0,few clouds
285,Haines Junction,CA,60.7522,-137.5108,28.35,93,63,0.0,broken clouds
286,Orlik,RU,52.5178,99.825,25.97,67,7,3.51,clear sky
287,Rio Grande,BR,-32.035,-52.0986,68.11,62,23,13.35,few clouds
288,Goderich,CA,43.7501,-81.7165,67.03,77,89,8.05,overcast clouds
289,Nushki,PK,29.5542,66.0215,71.19,16,0,5.37,clear sky
290,Banamba,ML,13.55,-7.45,80.82,60,86,5.75,overcast clouds
291,Tuatapere,NZ,-46.1333,167.6833,46.92,69,98,0.34,overcast clouds
292,Santa Lucia,ES,27.9117,-15.5407,65.77,80,20,19.57,few clouds
293,Turbat,PK,26.0023,63.044,77.43,74,1,7.02,clear sky
294,Pochutla,MX,15.7432,-96.4661,85.82,72,86,6.17,overcast clouds
295,Altay,CN,47.8667,88.1167,41.47,38,0,10.4,clear sky
296,Ketchikan,US,55.3422,-131.6461,48.67,87,90,6.91,light rain
297,Querendaro,MX,19.8667,-100.9167,74.1,39,39,2.37,scattered clouds
298,Mokhsogollokh,RU,61.4681,128.9203,30.56,90,100,7.72,overcast clouds
299,Mishelevka,RU,52.8575,103.1719,31.71,83,2,5.23,clear sky
300,Chara,RU,56.9064,118.2631,26.38,77,56,3.53,broken clouds
301,Saint-Francois,FR,46.4154,3.9054,65.64,67,100,17.27,overcast clouds
302,Ahipara,NZ,-35.1667,173.1667,60.15,92,100,11.99,moderate rain
303,Praia Da Vitoria,PT,38.7333,-27.0667,70.05,83,40,3.15,scattered clouds
304,Alta Floresta,BR,-9.8756,-56.0861,93.02,52,40,4.61,scattered clouds
305,Port Elizabeth,ZA,-33.918,25.5701,64.69,88,40,12.66,scattered clouds
306,Lambarene,GA,-0.7001,10.2406,74.34,96,100,2.71,light rain
307,Sarahan,IN,31.5167,77.8,53.17,49,0,5.84,clear sky
308,Manzhouli,CN,49.6,117.4333,25.66,85,12,5.7,few clouds
309,Saint-Denis,FR,48.9167,2.3333,65.17,79,90,5.01,overcast clouds
310,Labytnangi,RU,66.6572,66.4183,23.49,93,37,2.48,scattered clouds
311,Puerto Carreno,CO,6.189,-67.4859,91.08,50,100,4.25,overcast clouds
312,Palmer,US,42.1584,-72.3287,75.31,48,75,1.01,broken clouds
313,Luwuk,ID,-0.9516,122.7875,77.32,77,67,2.64,broken clouds
314,Touros,BR,-5.1989,-35.4608,85.1,77,100,12.97,overcast clouds
315,Faya,SA,18.3851,42.4509,64.51,28,2,7.61,clear sky
316,Xixiang,CN,35.1628,112.865,49.26,84,0,6.64,light rain
317,Sayyan,YE,15.1718,44.3244,60.03,33,100,8.16,overcast clouds
318,Diu,IN,20.7141,70.9822,75.72,74,70,8.46,broken clouds
319,Miranda,CO,3.2499,-76.2281,81.64,68,84,1.63,broken clouds
320,Brae,GB,60.3964,-1.353,42.71,71,100,26.49,overcast clouds
321,Pouembout,NC,-21.1333,164.9,68.16,96,100,4.12,light rain
322,Muhos,FI,64.808,25.9931,33.89,99,100,8.95,light snow
323,Petropavlovsk-Kamchatskiy,RU,53.0452,158.6483,18.19,73,0,8.95,clear sky
324,Kyrylivka,UA,46.3759,35.3675,53.13,66,18,15.64,few clouds
325,Buluang,PH,13.3068,123.3425,75.47,92,41,2.55,scattered clouds
326,San Patricio,US,28.017,-97.5169,90.01,50,32,5.75,scattered clouds
327,Logon,PH,11.3303,124.1146,81.45,80,69,8.28,broken clouds
328,Dingle,PH,10.9995,122.6711,75.87,93,56,4.68,broken clouds
329,Uray,RU,60.1247,64.7758,32.81,78,100,5.39,overcast clouds
330,Inuvik,CA,68.3499,-133.7218,23.76,90,75,5.75,broken clouds
331,Grand Gaube,MU,-20.0064,57.6608,75.6,70,29,5.99,light rain
332,Ahuimanu,US,21.4447,-157.8378,80.46,59,1,9.22,clear sky
333,Kuloy,RU,61.0305,42.4925,31.86,76,100,13.15,overcast clouds
334,Neya,RU,58.2972,43.8681,32.07,79,100,10.98,overcast clouds
335,Cairns,AU,-16.9167,145.7667,80.55,86,75,3.44,broken clouds
336,Lanzhou,CN,36.0564,103.7922,38.48,63,9,1.99,clear sky
337,Husavik,IS,66.0449,-17.3389,22.91,80,63,12.24,broken clouds
338,Thompson,CA,55.7435,-97.8558,41.16,42,20,12.66,few clouds
339,Masaurhi,IN,25.3509,85.0342,73.99,87,20,7.49,few clouds
340,Pisco,PE,-13.7,-76.2167,69.85,64,0,12.66,clear sky
341,Damietta,EG,31.4165,31.8133,73.29,60,1,8.61,clear sky
342,Leningradskiy,RU,69.3833,178.4167,24.85,96,100,14.99,snow
343,Hamilton,US,39.1834,-84.5333,74.35,54,1,1.01,clear sky
344,Moreira Sales,BR,-24.0622,-53.0069,75.31,49,44,0.78,scattered clouds
345,Sasni,IN,27.7167,78.0833,72.57,61,0,3.91,clear sky
346,Takoradi,GH,4.8845,-1.7554,77.81,88,96,7.81,light rain
347,Port Hawkesbury,CA,45.6169,-61.3485,56.79,86,75,8.99,broken clouds
348,Kodiak,US,57.79,-152.4072,42.31,81,90,10.36,moderate rain
349,Bathsheba,BB,13.2167,-59.5167,86.61,70,75,17.27,broken clouds
350,Batsfjord,NO,70.6345,29.7185,32.0,63,0,4.61,clear sky
351,Asfi,MA,32.2994,-9.2372,68.59,93,81,4.43,broken clouds
352,Mbuji-Mayi,CD,-6.15,23.6,71.31,89,48,2.04,light rain
353,Yichang,CN,30.7144,111.2847,50.81,92,100,2.01,light rain
354,Prince Rupert,CA,54.3161,-130.3201,51.49,71,100,12.66,overcast clouds
355,Porto Tolle,IT,44.9497,12.3245,59.11,72,100,13.29,overcast clouds
356,Ginda,IN,30.6945,78.4932,54.37,76,0,6.64,clear sky
357,Eydhafushi,MV,5.1033,73.0708,81.54,71,37,12.91,scattered clouds
358,Ixtapa,MX,20.7,-105.2,88.23,76,8,5.01,clear sky
359,Albacete,ES,38.8333,-2.0,67.19,48,0,6.91,clear sky
360,Umm Lajj,SA,25.0213,37.2685,79.92,68,0,13.6,clear sky
361,Steinbach,DE,50.1667,8.5667,61.65,88,40,7.0,light rain
362,Madimba,TZ,-10.4,40.3333,76.32,88,40,11.5,scattered clouds
363,Walvis Bay,NA,-22.9575,14.5053,62.1,77,20,5.75,few clouds
364,Mahanje,TZ,-9.9333,35.3333,71.69,48,99,2.71,overcast clouds
365,Port Blair,IN,11.6667,92.75,80.35,83,100,4.94,light rain
366,Khani,GE,41.9563,42.9566,40.57,92,66,2.19,broken clouds
367,Sain Alto,MX,23.5833,-103.25,75.43,34,0,7.14,clear sky
368,Camacari,BR,-12.6975,-38.3242,80.37,70,25,11.54,scattered clouds
369,Berlevag,NO,70.8578,29.0864,28.4,69,40,6.91,scattered clouds
370,Mozarlandia,BR,-14.7447,-50.5706,85.77,51,100,10.67,overcast clouds
371,Jos,NG,9.9167,8.9,67.87,77,98,4.12,overcast clouds
372,Pacific Grove,US,36.6177,-121.9166,69.62,61,100,3.0,overcast clouds
373,Dire,ML,12.2833,-10.9667,79.11,69,100,5.75,light rain
374,Springfield,US,37.2153,-93.2982,74.03,78,90,5.01,overcast clouds
375,Lichuan,CN,30.3,108.85,44.65,97,100,1.23,overcast clouds
376,Te Anau,NZ,-45.4167,167.7167,39.61,90,70,0.22,broken clouds
377,Octeville,FR,49.6261,-1.6435,56.91,87,75,34.52,mist
378,Bumba,CD,2.1833,22.4667,72.27,94,100,1.74,overcast clouds
379,Port Hedland,AU,-20.3167,118.5667,62.65,94,1,6.91,clear sky
380,Kavieng,PG,-2.5744,150.7967,80.92,79,89,6.62,light rain
381,Erzin,TR,36.9559,36.2,57.72,48,0,1.83,clear sky
382,Dickinson,US,29.4608,-95.0513,88.12,75,40,1.01,scattered clouds
383,Burnie,AU,-41.0667,145.9167,54.95,85,75,12.3,broken clouds
384,Acapulco,MX,16.8634,-99.8901,84.56,74,85,6.02,overcast clouds
385,Mujiayingzi,CN,42.1167,118.7833,36.9,41,65,5.77,broken clouds
386,Cobija,BO,-11.0267,-68.7692,89.78,58,40,3.44,scattered clouds
387,Zarautz,ES,43.2844,-2.1699,73.92,75,10,3.15,clear sky
388,Namibe,AO,-15.1961,12.1522,67.62,88,43,3.2,scattered clouds
389,Vanavara,RU,60.34,102.2797,33.66,92,100,6.04,overcast clouds
390,Jalu,LY,29.0331,21.5482,73.8,41,14,8.37,few clouds
391,Montlucon,FR,46.3333,2.6,63.1,95,97,12.53,overcast clouds
392,Kavaratti,IN,10.5669,72.642,82.06,75,98,11.45,light rain
393,Taitung,TW,22.7583,121.1444,75.72,86,100,1.34,overcast clouds
394,Deder,ET,9.3167,41.45,55.49,44,24,4.52,few clouds
395,Calvinia,ZA,-31.4707,19.776,67.15,58,100,5.28,light rain
396,Abnub,EG,27.2696,31.1511,73.62,42,53,12.19,broken clouds
397,Sobolevo,RU,54.4299,31.8996,48.27,84,100,19.1,light rain
398,Coquimbo,CL,-29.9533,-71.3436,62.33,63,40,14.97,scattered clouds
399,Santa Rosa,PH,14.3122,121.1114,81.1,83,75,4.18,broken clouds
400,Eureka,US,40.8021,-124.1637,63.25,67,100,5.01,overcast clouds
401,Sola,VU,-13.8833,167.55,80.56,80,97,14.14,overcast clouds
402,Periyanayakkanpalaiyam,IN,11.15,76.9333,74.79,88,75,4.61,mist
403,Alice Springs,AU,-23.7,133.8833,69.35,49,0,5.75,clear sky
404,Utiel,ES,39.5667,-1.2,60.1,55,100,3.67,overcast clouds
405,Severodvinsk,RU,64.5635,39.8302,30.31,79,100,19.37,overcast clouds
406,Veraval,IN,20.9,70.3667,78.3,68,7,7.74,clear sky
407,Barcelona,ES,41.3888,2.159,69.75,82,20,9.22,few clouds
408,Lerwick,GB,60.1545,-1.1494,42.8,69,99,25.64,overcast clouds
409,Chapais,CA,49.7834,-74.8492,40.78,94,100,6.98,overcast clouds
410,Karema,TZ,-6.8205,30.4389,77.4,65,76,3.33,broken clouds
411,Ponta Delgada,PT,37.7333,-25.6667,68.72,73,20,4.61,few clouds
412,Hasaki,JP,35.7333,140.8333,48.6,56,100,14.81,overcast clouds
413,Pak Phanang,TH,8.3511,100.202,78.93,85,100,4.29,overcast clouds
414,Poum,NC,-20.2333,164.0167,70.2,90,100,12.5,light rain
415,Barcelos,PT,41.5388,-8.6151,65.84,93,22,3.47,few clouds
416,Ternate,ID,0.8,127.4,79.93,82,37,3.58,scattered clouds
417,Zhezkazgan,KZ,47.8043,67.7144,50.49,73,100,12.88,overcast clouds
418,Sampit,ID,-2.5333,112.95,73.42,98,99,1.23,overcast clouds
419,Gilgit,PK,35.9221,74.3087,62.01,39,25,0.96,scattered clouds
420,Marapanim,BR,-0.7175,-47.6997,82.49,74,34,7.92,scattered clouds
421,Markivka,UA,49.5229,39.5705,38.77,47,90,7.2,overcast clouds
422,Vao,NC,-22.6667,167.4833,70.0,94,100,10.16,moderate rain
423,Hofn,IS,64.2539,-15.2082,32.02,55,20,16.11,few clouds
424,Sarakhs,IR,36.5449,61.1577,57.34,54,14,2.3,few clouds
425,Winnipeg,CA,49.8844,-97.147,45.09,59,20,9.22,few clouds
426,Kedrovyy,RU,56.1667,91.8167,25.21,69,79,4.72,broken clouds
427,Tommot,RU,58.9564,126.2925,30.88,90,100,10.25,overcast clouds
428,Kalengwa,ZM,-13.4659,25.0027,72.46,53,99,3.67,overcast clouds
429,Carauari,BR,-4.8828,-66.8958,82.04,81,100,3.58,overcast clouds
430,Blackpool,GB,53.8167,-3.05,48.22,71,85,16.46,overcast clouds
431,Djambala,CG,-2.5447,14.7533,67.77,95,99,3.24,light rain
432,Akita,JP,39.7167,140.1167,51.33,72,97,19.01,overcast clouds
433,Loandjili,CG,-4.7561,11.8578,77.11,88,40,5.75,scattered clouds
434,Ambilobe,MG,-13.2,49.05,71.29,79,38,3.58,scattered clouds
435,Ibra,OM,22.6906,58.5334,75.85,64,41,5.1,scattered clouds
436,Karkal,IN,13.2,74.9833,78.62,96,95,2.24,moderate rain
437,Ulaanbaatar,MN,47.9077,106.8832,17.73,79,0,2.24,clear sky
438,Kikwit,CD,-5.041,18.8162,70.57,99,29,2.21,scattered clouds
439,Mersin,TR,36.862,34.6509,67.35,42,0,5.5,clear sky
440,Dano,BF,11.15,-3.0667,83.41,59,88,3.02,overcast clouds
441,Porto Novo,BJ,6.4965,2.6036,82.22,81,100,6.4,overcast clouds
442,Inyonga,TZ,-6.7167,32.0667,77.97,38,83,5.03,broken clouds
443,Praya,CV,14.9215,-23.5087,84.74,51,0,19.57,clear sky
444,Camana,PE,-16.6228,-72.7111,66.31,74,86,9.66,overcast clouds
445,Mayumba,GA,-3.432,10.6554,76.05,85,99,5.86,overcast clouds
446,Acarau,BR,-2.8856,-40.12,82.58,71,100,14.09,overcast clouds
447,High Level,CA,58.5169,-117.136,41.11,70,1,13.8,clear sky
448,Cockburn Town,TC,21.4612,-71.1419,78.76,78,75,4.61,broken clouds
449,Campbell River,CA,50.0163,-125.2446,52.52,97,90,5.99,mist
450,Banda Aceh,ID,5.5577,95.3222,78.82,77,100,1.92,overcast clouds
451,Doha,QA,25.2867,51.5333,85.98,59,0,11.5,clear sky
452,Mandan,US,46.8267,-100.8896,40.03,70,1,14.97,clear sky
453,La Ronge,CA,55.1001,-105.2842,43.05,49,40,9.22,scattered clouds
454,Miandrivazo,MG,-19.5167,45.4667,76.35,75,7,4.52,clear sky
455,Mitzic,GA,0.7821,11.549,68.72,99,100,2.59,moderate rain
456,Viedma,AR,-40.8135,-62.9967,80.04,15,0,21.21,clear sky
457,Port-Gentil,GA,-0.7193,8.7815,78.76,89,90,8.05,light rain
458,Esik,KZ,43.3552,77.4525,45.82,41,97,6.89,overcast clouds
459,Chumikan,RU,54.7183,135.315,27.54,80,93,17.52,overcast clouds
460,Chulman,RU,56.8479,124.9104,28.0,90,97,11.92,overcast clouds
461,Diffa,NE,13.3154,12.6113,90.43,20,4,5.77,clear sky
462,Medea,DZ,36.2642,2.7539,55.85,33,1,6.96,clear sky
463,Oussouye,SN,12.485,-16.5469,87.98,74,68,8.05,broken clouds
464,Bandrele,YT,-12.9067,45.1914,76.75,78,0,5.75,clear sky
465,Dosso,NE,13.049,3.1937,90.14,37,80,2.51,broken clouds
466,Yangambi,CD,0.8102,24.4336,68.86,96,100,0.31,overcast clouds
467,Benidorm,ES,38.5382,-0.131,72.9,91,100,6.76,overcast clouds
468,Arman,RU,59.7,150.1667,10.49,47,0,6.91,clear sky
469,Baculin,PH,7.4525,126.5842,77.79,82,100,4.88,overcast clouds
470,Ugoofaaru,MV,5.6667,73.0,81.5,73,87,12.93,overcast clouds
471,Marshall,US,34.3834,-86.3333,79.57,56,40,3.0,scattered clouds
472,Camapua,BR,-19.5314,-54.0439,82.65,49,89,3.04,overcast clouds
473,Scarborough,GB,54.2797,-0.4044,47.53,89,57,1.01,broken clouds
474,Makakilo City,US,21.3469,-158.0858,79.29,59,1,9.22,clear sky
475,San Luis,AR,-33.295,-66.3356,81.82,17,10,14.27,clear sky
476,Cap Malheureux,MU,-19.9842,57.6142,75.69,71,22,5.01,few clouds
477,Iqaluit,CA,63.7506,-68.5145,33.53,80,75,0.0,broken clouds
478,Asosa,ET,10.0667,34.5333,62.53,58,4,5.64,clear sky
479,Adre,TD,13.4667,22.2,84.42,21,100,10.94,overcast clouds
480,Jacareacanga,BR,-6.2222,-57.7528,95.31,41,0,5.75,clear sky
481,Abbotsford,CA,49.058,-122.2526,54.91,83,90,4.0,light intensity shower rain
482,Tabuk,PH,17.4189,121.4443,72.46,95,19,0.65,few clouds
483,Jijiga,ET,9.35,42.8,64.62,42,27,9.37,scattered clouds
484,Imeni Babushkina,RU,59.7573,43.1285,31.51,80,100,11.7,overcast clouds
485,Staroutkinsk,RU,57.2302,59.3348,30.45,83,100,6.44,overcast clouds
486,Mikhaylovka,RU,50.06,43.2379,34.72,76,99,7.52,overcast clouds
487,Marshfield,US,44.6689,-90.1718,66.43,59,75,10.36,broken clouds
488,Saint-Joseph,RE,-21.3667,55.6167,71.96,77,32,8.32,scattered clouds
489,Truth Or Consequences,US,33.1284,-107.2528,76.91,21,0,3.6,clear sky
490,Lewistown,US,40.5992,-77.5714,75.42,43,1,8.05,clear sky
491,Sao Gabriel Da Cachoeira,BR,-0.1303,-67.0892,91.2,55,40,4.61,moderate rain
492,Matagami,CA,49.7502,-77.6328,37.51,98,90,13.8,haze
493,Lyuban,BY,52.7985,28.0048,51.8,71,100,16.87,overcast clouds
494,Leh,IN,34.1667,77.5833,42.94,37,0,4.68,clear sky
495,Palasa,IN,18.7667,84.4167,78.26,88,100,3.4,overcast clouds
496,Beloha,MG,-25.1667,45.05,68.16,86,99,11.16,overcast clouds
497,Kayalpattinam,IN,8.5667,78.1167,82.04,75,100,5.86,light rain
498,Police,PL,53.5521,14.5718,65.43,75,100,1.99,overcast clouds
499,Fukuma,JP,33.7667,130.4667,60.8,59,100,13.06,overcast clouds
500,Nedjo,ET,9.5046,35.5019,59.14,64,15,3.83,few clouds
501,Tall Kayf,TR,37.0833,41.0667,66.0,29,0,6.22,clear sky
502,Kupino,RU,54.3663,77.2981,44.87,54,99,9.35,overcast clouds
503,Teahupoo,PF,-17.8333,-149.2667,78.76,80,100,12.19,light rain
504,Lebowakgomo,ZA,-24.2,29.5,59.9,55,0,6.89,clear sky
505,Waingapu,ID,-9.6567,120.2641,79.09,78,67,3.85,broken clouds
506,Pertuis,FR,43.6925,5.5028,66.47,83,99,3.76,overcast clouds
507,Puerto Rondon,CO,6.2805,-71.1,89.96,54,22,5.91,light rain
508,Skeldon,GY,5.8833,-57.1333,84.11,65,60,7.54,broken clouds
509,Anloga,GH,5.7947,0.8973,82.62,80,100,12.44,light rain
510,Taltal,CL,-25.4,-70.4833,62.69,67,22,7.9,few clouds
511,Urusha,RU,54.05,122.9,28.81,69,98,3.51,overcast clouds
512,Orbetello,IT,42.4408,11.2196,59.79,79,72,7.52,broken clouds
513,General Roca,AR,-39.0333,-67.5833,91.62,9,6,16.69,clear sky
514,Catuday,PH,16.2923,119.8062,79.52,82,88,6.29,overcast clouds
515,Tura,IN,25.5198,90.2201,71.1,99,88,3.13,overcast clouds
516,Guadalupe Y Calvo,MX,26.1,-106.9667,70.34,30,68,7.85,broken clouds
517,Otane,NZ,-39.8833,176.6333,53.01,83,100,1.45,light rain
518,Vostok,RU,46.4856,135.8833,14.76,84,6,3.6,clear sky
519,Matara,LK,5.9485,80.5353,77.07,88,89,4.5,light rain
520,Greenwood,US,34.1668,-82.1165,80.78,46,1,8.05,clear sky
521,Angoche,MZ,-16.2325,39.9086,75.85,70,94,12.86,overcast clouds
522,Saint-Pierre,RE,-21.3393,55.4781,73.04,75,0,5.75,clear sky
523,Zyryanka,RU,65.75,150.85,-4.97,92,45,4.88,scattered clouds
524,Salta,AR,-24.7859,-65.4117,80.58,28,20,11.01,few clouds
525,Bulgan,MN,48.8125,103.5347,31.42,49,0,1.79,clear sky
526,Jizan,SA,17.3333,42.6667,88.74,61,11,6.17,few clouds
527,Kieta,PG,-6.2167,155.6333,79.63,84,97,1.48,overcast clouds
528,Belyy Yar,RU,53.6039,91.3903,26.49,93,62,2.24,mist
529,Resen,MK,41.0889,21.0122,40.64,71,0,3.36,clear sky
530,Cidreira,BR,-30.1811,-50.2056,64.2,64,92,14.27,overcast clouds
531,Ndende,GA,-2.4008,11.3581,72.9,97,100,4.29,light rain
532,La Rioja,ES,42.25,-2.5,64.04,69,1,6.24,clear sky
533,Savinka,RU,50.0785,47.0994,35.31,71,10,7.92,clear sky
534,Batagay-Alyta,RU,67.8006,130.4114,11.21,91,100,2.04,overcast clouds
535,Xining,CN,36.6167,101.7667,38.26,93,100,0.74,overcast clouds
536,Coihueco,CL,-36.6167,-71.8333,57.94,72,90,6.91,overcast clouds
537,Palana,RU,59.1167,159.9667,20.68,70,100,13.15,light snow
538,Jumla,NP,29.2747,82.1838,54.34,87,62,1.54,broken clouds
539,Parry Sound,CA,45.3501,-80.033,67.87,72,27,8.05,scattered clouds
540,Erzurum,TR,40.0,41.5,35.28,73,19,4.54,few clouds
541,Bambanglipuro,ID,-7.95,110.2833,77.02,90,54,2.75,broken clouds
542,Lesnoy,RU,57.6198,63.0784,33.78,83,100,9.13,light rain
543,Sorong,ID,-0.8833,131.25,79.9,83,100,7.36,overcast clouds
544,Ambovombe,MG,-25.1667,46.0833,68.86,91,99,15.23,light rain
545,Comodoro Rivadavia,AR,-45.8667,-67.5,84.06,21,40,19.57,scattered clouds
546,Havelock,US,34.8791,-76.9013,82.06,59,0,5.99,clear sky
547,Tumaco,CO,1.7986,-78.8156,79.95,81,96,11.95,light rain
548,Sitka,US,57.0531,-135.33,46.29,89,100,8.03,light rain
549,Kapan,AM,39.2075,46.4058,49.73,85,100,3.09,overcast clouds
550,Dieppe,FR,49.75,1.1667,62.02,87,100,26.98,light rain
551,Korla,CN,41.7597,86.1469,52.47,28,43,0.74,scattered clouds
552,Russell,US,32.3502,-85.1999,81.68,46,1,4.61,clear sky
553,Tchibanga,GA,-2.85,11.0333,71.08,95,100,2.77,overcast clouds
554,Mahibadhoo,MV,3.7833,72.9667,82.0,70,71,12.82,broken clouds
555,Datong,CN,40.0936,113.2914,35.69,33,0,7.14,clear sky
556,Broken Hill,AU,-31.95,141.4333,64.11,25,38,9.22,scattered clouds
557,Oskarshamn,SE,57.2645,16.4484,55.17,84,100,15.17,heavy intensity rain
558,Hami,CN,42.8,93.45,58.42,18,100,5.1,overcast clouds
559,Aksarka,RU,66.5606,67.7975,25.65,91,35,5.61,scattered clouds
560,Tavira,PT,37.1273,-7.6486,73.18,69,0,9.62,clear sky
561,Cintalapa,MX,16.6951,-93.7272,75.02,89,100,3.76,overcast clouds
562,Yilan,TW,24.757,121.753,77.83,99,100,3.02,overcast clouds
563,Eenhana,NA,-17.4667,16.3333,82.15,61,70,7.38,broken clouds
564,Qasigiannguit,GL,68.8193,-51.1922,24.55,78,100,3.71,overcast clouds
565,Macas,EC,-2.3167,-78.1167,80.35,61,40,11.5,moderate rain
566,Santa Cruz,BO,-17.8,-63.1667,91.45,25,17,5.75,few clouds
567,Yagodnoye,RU,62.55,149.6667,-20.79,92,14,3.78,few clouds
568,Caravelas,BR,-17.7125,-39.2481,72.1,93,100,13.33,overcast clouds
569,Aswan,EG,24.0934,32.907,83.5,24,0,19.57,clear sky
570,Tuli,PH,7.2333,125.4167,72.28,93,100,2.19,overcast clouds
571,Linxia,CN,35.6003,103.2064,38.1,81,19,3.47,few clouds
572,Liku,ID,-0.7275,119.8922,75.13,94,100,0.43,overcast clouds
573,Bati,ET,11.1833,40.0167,67.28,38,95,3.15,overcast clouds
574,Belaya Gora,RU,68.5333,146.4167,-10.73,97,29,2.26,scattered clouds
575,Bagdarin,RU,54.4333,113.6,26.1,83,45,3.53,scattered clouds
576,College,US,64.8569,-147.8028,35.91,75,20,0.0,few clouds
577,Chiredzi,ZW,-21.05,31.6667,64.54,58,0,4.74,clear sky
578,Qaqortoq,GL,60.7167,-46.0333,35.42,42,0,3.31,clear sky
579,Teguldet,RU,57.3064,88.1667,36.39,79,77,5.01,broken clouds
580,Boysun,UZ,38.2061,67.1986,58.39,17,97,4.76,overcast clouds
581,Churapcha,RU,62.0025,132.4325,15.67,96,100,6.35,overcast clouds
582,Kismayo,SO,-0.3582,42.5454,78.24,81,100,12.12,overcast clouds
583,Puerto Narino,CO,-3.7703,-70.3831,78.75,97,100,3.33,moderate rain
584,Mount Pleasant,US,32.7941,-79.8626,81.09,50,1,3.0,clear sky
585,Port Augusta,AU,-32.5,137.7667,57.7,72,0,6.31,clear sky
586,Clyde River,CA,70.4692,-68.5914,32.23,86,75,9.22,broken clouds
587,Krasnoselkup,RU,65.7,82.4667,35.46,64,99,10.67,overcast clouds
588,Chenghai,CN,23.4632,116.768,75.11,94,20,2.24,few clouds
589,Odweyne,SO,9.4092,45.064,75.47,33,46,12.01,scattered clouds
590,Hirara,JP,24.8,125.2833,79.27,70,100,12.06,overcast clouds
591,Mezen,RU,65.8522,44.24,29.61,79,100,7.99,overcast clouds
592,Ta Khmau,KH,11.4833,104.95,77.05,94,75,3.44,broken clouds
593,Crown Point,US,41.417,-87.3653,73.53,57,94,14.5,overcast clouds
594,Riyadh,SA,24.6877,46.7219,82.54,18,0,10.36,clear sky
595,Bajil,YE,15.0584,43.2851,85.91,63,82,5.08,broken clouds
596,Severiano Melo,BR,-5.7772,-37.9578,88.5,45,100,15.82,overcast clouds
597,Palkino,RU,57.5409,28.0126,55.15,79,100,21.99,overcast clouds
598,Itaberaba,BR,-12.5275,-40.3069,91.92,35,63,1.25,broken clouds
599,Jaleswar,NP,26.6471,85.8008,73.63,95,99,0.54,overcast clouds
600,Itupeva,BR,-23.1531,-47.0578,60.4,83,100,11.99,overcast clouds
601,Japura,ID,-0.3167,102.35,70.97,99,93,2.44,overcast clouds
602,Kedougou,SN,12.5579,-12.1743,84.0,59,83,2.57,light rain
603,Pangnirtung,CA,66.1451,-65.7125,32.0,93,75,0.0,broken clouds
604,Eberswalde,DE,52.8349,13.8195,63.68,72,100,18.12,light rain
605,Paamiut,GL,61.994,-49.6678,36.32,60,0,8.7,clear sky
606,Sambava,MG,-14.2667,50.1667,71.22,87,12,7.52,few clouds
607,Moscow,RU,55.7522,37.6156,36.37,82,100,16.08,light rain
608,Hadejia,NG,12.4498,10.0444,87.91,25,25,4.59,scattered clouds
609,Baley,RU,51.6,116.6333,19.26,94,7,2.59,clear sky
610,Lapeer,US,43.0514,-83.3188,72.66,43,40,9.22,scattered clouds
611,Denia,ES,38.8408,0.1057,74.8,74,100,1.01,overcast clouds
612,Slave Lake,CA,55.2834,-114.769,44.58,57,1,20.71,clear sky
613,Verin,ES,41.9415,-7.4381,60.57,82,1,3.38,clear sky
614,Rafai,CF,4.95,23.9167,69.4,98,100,2.37,overcast clouds
615,Cururupu,BR,-1.8283,-44.8683,83.43,67,11,6.38,few clouds
616,Sangar,RU,63.9242,127.4739,7.47,98,97,3.09,overcast clouds
617,Filingue,NE,14.3521,3.3168,94.01,33,13,2.26,few clouds
618,Mpulungu,ZM,-8.7623,31.1141,82.85,44,73,4.16,broken clouds
619,Zhaozhou,CN,45.6833,125.3167,33.22,53,12,0.94,few clouds
620,Manggar,ID,-2.8833,108.2667,78.76,82,100,3.33,overcast clouds
621,Melur,IN,10.05,78.3333,78.62,85,96,4.54,overcast clouds
622,Carlsbad,US,33.1581,-117.3506,80.83,65,1,3.0,clear sky
623,Port Shepstone,ZA,-30.7414,30.455,63.59,82,5,17.09,clear sky
624,Obihiro,JP,42.9172,143.2044,44.92,95,100,2.24,overcast clouds
625,Mangrol,IN,21.1167,70.1167,78.58,66,3,6.91,clear sky
626,Athabasca,CA,54.7169,-113.2854,52.21,31,43,17.45,scattered clouds
627,Seminole,US,28.7086,-81.2081,85.98,64,19,1.99,few clouds
628,Sydney,AU,-33.8679,151.2073,58.39,91,20,5.99,few clouds
629,Beringovskiy,RU,63.05,179.3167,15.93,79,35,6.35,scattered clouds
630,Carupano,VE,10.6678,-63.2585,84.85,68,90,13.09,overcast clouds
631,Marawi,PH,7.9986,124.2928,64.65,92,100,1.74,overcast clouds
632,The Valley,AI,18.217,-63.0578,87.66,89,75,9.22,broken clouds
633,Vammala,FI,61.3333,22.9,54.57,93,100,9.64,overcast clouds
634,Kotelnikovo,RU,47.6317,43.1461,37.89,72,58,5.61,broken clouds
635,Hit,IQ,33.6416,42.8251,73.94,32,0,10.02,clear sky
636,Viransehir,TR,37.2353,39.7631,64.33,30,0,6.33,clear sky
637,Laibin,CN,23.7,109.2667,59.5,87,100,12.19,light rain
638,Kihei,US,20.785,-156.4656,80.62,66,20,11.5,few clouds
639,Novosineglazovskiy,RU,55.0401,61.3792,31.71,97,100,17.29,light snow
640,Vila Franca Do Campo,PT,37.7167,-25.4333,68.41,72,79,2.89,broken clouds
641,Akyab,MM,20.15,92.9,79.27,86,100,4.56,heavy intensity rain
642,Saint Anthony,US,45.0205,-93.218,56.55,93,90,1.01,mist
643,Hovd,MN,48.0056,91.6419,32.31,51,0,1.59,clear sky
644,Rundu,NA,-17.9333,19.7667,73.9,61,100,5.86,overcast clouds
645,Yumen,CN,40.2833,97.2,40.64,27,77,8.9,broken clouds
646,Marau,BR,-28.4492,-52.2,73.35,70,98,1.48,overcast clouds
647,Cayenne,GF,4.9333,-52.3333,87.84,75,0,5.01,clear sky
648,Iracoubo,GF,5.4802,-53.2011,83.14,72,45,9.98,scattered clouds
649,Chingirlau,KZ,51.095,54.0814,34.54,73,63,13.85,broken clouds
650,Chuguyevka,RU,44.1653,133.8633,23.23,79,12,2.55,few clouds
651,Sokolovyy,RU,51.5686,45.8331,35.56,71,67,9.01,broken clouds
652,Bartica,GY,6.4,-58.6167,91.72,72,67,4.07,broken clouds
653,Mchinji,MW,-13.7984,32.8802,65.39,74,59,7.49,broken clouds
654,Adrar,MR,20.5022,-10.0711,81.12,16,2,11.36,clear sky
655,Lipari,IT,38.4674,14.954,64.54,64,0,2.8,clear sky
656,Azul,AR,-36.777,-59.8585,75.34,52,6,8.03,clear sky
657,Puerto Madero,MX,14.7208,-92.4215,86.2,74,90,0.0,overcast clouds
658,Ipswich,GB,52.0592,1.1555,57.02,79,98,8.95,overcast clouds
659,Hokitika,NZ,-42.7167,170.9667,51.64,63,100,2.84,overcast clouds
660,Nazas,MX,25.2333,-104.1333,83.84,32,1,5.59,clear sky
661,Kiama,AU,-34.6833,150.8667,59.58,94,60,1.01,broken clouds
662,Shenjiamen,CN,29.9576,122.298,60.46,87,100,21.16,light rain
663,Plettenberg Bay,ZA,-34.0527,23.3716,64.35,73,44,2.98,scattered clouds
664,Laja,CL,-37.2667,-72.7,59.29,41,0,11.01,clear sky
665,Sudogda,RU,55.9539,40.8629,32.54,96,100,13.09,snow
666,Kita,ML,13.0349,-9.4895,76.12,81,88,2.93,light rain
667,Kulhudhuffushi,MV,6.6221,73.07,81.25,77,100,13.33,overcast clouds
668,Yabrud,SY,33.9674,36.6574,47.52,68,5,3.33,clear sky
669,Seoul,KR,37.5683,126.9778,42.24,90,0,3.44,clear sky
670,Alyangula,AU,-13.8483,136.4192,80.47,89,61,5.75,broken clouds
671,Lugovoy,KZ,42.9472,72.7644,56.98,34,89,1.77,overcast clouds
672,Bauta,CU,22.9828,-82.5464,85.98,55,75,14.74,broken clouds
673,Bubaque,GW,11.2833,-15.8333,82.8,77,100,12.59,overcast clouds
674,Koscian,PL,52.0883,16.6487,66.9,48,96,17.05,overcast clouds
675,El Dorado,US,38.7666,-120.5177,65.48,55,100,1.32,overcast clouds
676,Noumea,NC,-22.2763,166.4572,69.78,97,100,2.64,light rain
677,Mudgee,AU,-32.5943,149.5871,46.45,100,40,4.61,scattered clouds
678,Mpika,ZM,-11.8343,31.4529,68.68,48,58,8.59,broken clouds
679,Twentynine Palms,US,34.1356,-116.0542,76.15,21,54,1.01,broken clouds
680,Kotelnich,RU,58.3089,48.348,29.71,84,80,5.01,broken clouds
681,Beeville,US,28.4008,-97.7483,89.15,62,40,3.44,scattered clouds
682,Tutoia,BR,-2.7619,-42.2744,87.78,73,65,10.0,broken clouds
683,Birao,CF,10.2849,22.7882,75.67,80,100,8.25,overcast clouds
684,Ewa Beach,US,21.3156,-158.0072,80.69,57,1,10.0,clear sky
685,Maniitsoq,GL,65.4167,-52.9,33.17,72,10,10.33,clear sky
686,San Juan,AR,-31.5375,-68.5364,87.71,11,5,11.18,clear sky
687,Anshun,CN,26.25,105.9333,49.19,93,100,5.77,overcast clouds
688,Olinda,BR,-8.0089,-34.8553,82.13,69,40,9.22,scattered clouds
689,Muros,ES,42.7762,-9.0603,64.24,89,60,9.98,broken clouds
690,Pietarsaari,FI,63.65,22.6833,45.0,100,100,1.01,overcast clouds
691,Maturin,VE,9.75,-63.1767,87.12,57,58,9.37,broken clouds
692,Otjimbingwe,NA,-22.35,16.1333,69.8,40,6,1.57,clear sky
693,Dunedin,NZ,-45.8742,170.5036,51.8,70,56,1.99,broken clouds
694,Dzaoudzi,YT,-12.7887,45.2699,76.89,78,0,5.75,clear sky
695,Dwarka,IN,22.2394,68.9678,79.84,58,0,8.23,clear sky
696,Pavagada,IN,14.1,77.2667,77.38,69,100,4.5,overcast clouds
697,Birjand,IR,32.8663,59.2211,50.47,12,0,6.91,clear sky
698,Nizhnevartovsk,RU,60.9344,76.5531,35.62,80,0,4.47,clear sky
699,Puerto Escondido,MX,15.85,-97.0667,86.83,66,75,10.36,broken clouds
700,Oyon,PE,-10.6681,-76.7731,53.44,74,100,3.91,heavy intensity rain
701,Kutum,SD,14.2,24.6667,79.21,21,80,12.39,broken clouds
702,Byron Bay,AU,-28.65,153.6167,65.05,93,94,4.56,overcast clouds
703,Verkhnevilyuysk,RU,63.4453,120.3167,25.32,95,99,5.17,overcast clouds
704,Batagay,RU,67.6333,134.6333,9.95,96,100,2.26,overcast clouds
705,Maraa,BR,-1.8333,-65.3667,87.66,62,97,3.36,overcast clouds
706,Plouzane,FR,48.3833,-4.6167,53.92,87,90,25.32,light rain
707,Biskupiec,PL,53.8647,20.9569,58.82,53,100,20.31,light rain
708,Maku,IR,39.2911,44.4521,49.57,55,12,1.66,few clouds
709,Mount Isa,AU,-20.7333,139.5,76.77,44,75,3.44,light rain
710,Osoyoos,CA,49.0331,-119.4524,59.14,67,100,6.91,overcast clouds
711,Zhangjiakou,CN,40.81,114.8794,36.43,38,1,6.24,clear sky
712,Kloulklubed,PW,7.0419,134.2556,81.48,79,100,9.95,overcast clouds
